,Unnamed: 0.1,Unnamed: 0,premise,text,stance
381,381,381,Coronavirus is genetically engineered.,@USERNAME You are an out of control danger to the people. You‚Äôre spreading deliberate lies. Coronavirus 19 is NOT man made. It (like other Conrona Viruses) was passed from animal to human. Wild game eating from a local market in Wuhan is what‚Äôs most likely. Get it straight.,2
899,899,899,Hand sanitiser sold commercially does not destroy the coronavirus.,Of course I ran out of all my hand sanitizer today &amp; I can't even replace it cause it's sold out everywhere. I dunno why people are even buying it for Coronavirus since it's antibacterial &amp; doesn't prevent that or flu. Smh.,1
1952,1952,1952,COVID-19 is only as deadly as the seasonal flu.,"Please ignore the MSM on COVID-19. In the U.S. alone, the flu has caused an estimated 26 million illnesses, 250,000 hospitalizations and 14,000 deaths this season, according to the Centers for Disease Control and Prevention (CDC).
https://t.co/cNy8HsiEuG https://t.co/B3g5POZWyX",1
11,11,11,A person can tell if they have coronavirus or not simply by holding their breath.,"well just learned it was fake! y‚Äôall are stupid. anyway check for coronavirus by holding your breath for 10 secs, if you don‚Äôt feel any tightness or start coughing you‚Äôre good. remember to always always wash your hands whenever possible and be alert https://t.co/XlBNpj8Sml",1
1247,1247,1247,Coronavirus can only survive in cold temperatures.,"One can only hope the #COVID19 coronavirus is like other coronavirus (influenza, SARS) and goes nearly dormant in the warm months while Israel readies the vaccine for market.",1
1559,1559,1559,Fennel tea cures coronavirus.,"Vitamin C, Zinc , Echinacea.  Prepare to make tea constantly throughout duration of coronavirus self quarantine.  I'm just taking educated guesses here.  We may all die from this, say ""la ilaha illallah"" a lot.  And take shahada on video chat even and start learning salat.",1
1829,1829,1829,COVID-19 is only as deadly as the seasonal flu.,"@USERNAME @USERNAME ""As of Feb. 28, 2020, the flu is showing much more of an impact on Americans than COVID-19.""

https://t.co/prLVOdpgMR",1
1068,1068,1068,Coronavirus can only survive in cold temperatures.,"@USERNAME I am not an expert, but temperature are key for corona virus spread. I feel virus cannot survive beyond certain temperatures. India üáÆüá≥ most cities are touching 35'C + temperatures with dry weather. With summer coming in northern hemisphere we will drastic fall in #COVID2019 cases",1
2040,2040,2040,Coronavirus is genetically engineered.,"@USERNAME Every new engineered virus is made  more effective than the ones preceding it.For example, the new corona virus bio weapon has spikes on it which targets by attachment the lungs, nose, and upper respiratory system. There is a component which targets Asian men. High tech science.",1
1244,1244,1244,We're very close to a vaccine.,We already have a vaccine for them baby https://t.co/FcNBHLQMIM,1
417,417,417,Coronavirus can only survive in cold temperatures.,"@USERNAME There is no corona virus in Africa,  corona virus cant survive in hot weather.",1
1494,1494,1494,SARS-CoV-2 can survive for weeks on surfaces.,"@USERNAME It occurred to me that a lot of things over the last couple of months were shipped from China by Amazon and others. If the virus can live 2 to 3 days on a surface, could workers have touch the item is being shipped and left the virus on the items when the packaging?",1
1308,1308,1308,Holy communion cannot be the cause of the spread of coronavirus,"So..just curious.  If Coronavirus is transmitted by contact; why is it even a point that ‚Äúreceiving in the hand‚Äù is going to be somehow different than ‚Äúreceiving on the tongue‚Äù (even assuming you believe that the Eucharist would transmit disease, which I don‚Äôt).",1
189,189,189,COVID-19 is only as deadly as the seasonal flu.,"@USERNAME ""overall clinical consequences of Covid-19 may ultimately be more akin to those of a severe seasonal influenza (...fatality rate of approximately 0.1%) or a pandemic influenza (similar to those in 1957 and 1968) rather than...SARS or MERS""

https://t.co/RgSFbLMm7g",1
994,994,994,Coronavirus is genetically engineered.,Coronavirus is a bioweapon created by the Chinese government to stop the Hong Kong protests,1
439,439,439,COVID-19 is only as deadly as the seasonal flu.,I work in health &amp; was asked just this afternoon what I thought about covid-19. I said the same thing in regards to it being blown out of proportion &amp; that the flu is much more deadly of a virus. Side note: Getting money out of click bait is a genius idea https://t.co/RA30bGdRfy,1
448,448,448,Coronavirus is caused by 5G.,"The Coronavirus 5G Connection and Coverup https://t.co/8K7R64xCI7 via @USERNAME  Interesting Article! 
Did you know in Oct 1019 Wuhan rolled out 5G.
INOVIO- Vaccine makers , run by 2 men David Weiner(HIV ZIKA
Recently produced PCVH-1 &amp; 2, also works for FDA, a NWO AGENDA 2030",1
1474,1474,1474,SARS-CoV-2 can survive for weeks on surfaces.,Coronavirus could survive up to NINE DAYS outside the body https://t.co/5ntQdyYS0e via https://t.co/n4IqDQGUWz,1
430,430,430,Coronavirus can only survive in cold temperatures.,"@USERNAME 1/7 Re: Humidty, this is hardly surprising, as plenty of previous research showing SARS transmits less in humid and hot countries like Malaysia, Thailand and Philippines with almost zero community transmission https://t.co/76NFE8GcR6 and https://t.co/HPIjk0w5pc",1
1586,1586,1586,SARS-CoV-2 can survive for weeks on surfaces.,"@USERNAME Based on the delay through China Post, the odds are in your favor on this one; the virus only survives for 9 days on inorganic surfaces.",1
1816,1816,1816,We're very close to a vaccine.,@USERNAME It seems Isreal is working on.a vaccine for the corona virus and they're getting close would you deny Americans to.have it because of your anti Isreal stance,1
185,185,185,SARS-CoV-2 can survive for weeks on surfaces.,Study finds that Coronavirus could survive up to NINE DAYS outside the body | Daily Mail Online https://t.co/cOpLpNRiq9 via @USERNAME,1
1920,1920,1920,We're very close to a vaccine.,Israelis Claim They‚Äôll Have a Coronavirus Vaccine Developed in the Next Few Weeks https://t.co/roD2mrLl3q,1
1084,1084,1084,Coronavirus can only survive in cold temperatures.,"@USERNAME I think it's because the southern hemisphere is warm. Flu season also occurs in winter. India, South and Central America are pretty much free of the virus. The cases they've had likely came from elsewhere. I predict the epidemic will subside when warmer weather arrives.",1
1099,1099,1099,Coronavirus is genetically engineered.,Corona virus is probably just a government population control mission. It‚Äôll buff.,1
1309,1309,1309,Coronavirus can only survive in cold temperatures.,"@USERNAME @USERNAME @USERNAME @USERNAME Cases reported in Thailand and Singapore are the ones who visited China. Also, if you observe it is not spreading in THA and SING the way it is spreading in cold countries. Hence, Tropical weather is the key. Works to our advantage.",1
86,86,86,SARS-CoV-2 can survive for weeks on surfaces.,Coronavirus could survive up to NINE DAYS outside the body https://t.co/KWrHNAnj9U via @USERNAME,1
1072,1072,1072,SARS-CoV-2 can survive for weeks on surfaces.,@USERNAME I wonder if corona virus can be spread through package delivery. Doesn‚Äôt it stay on surfaces for a week?,1
118,118,118,SARS-CoV-2 can survive for weeks on surfaces.,"@USERNAME @USERNAME
@USERNAME @USERNAME @USERNAME
From GP friend, #COVID2019 may survive &lt;= 7 days on a hard surface.

Coincidentally, tells me wart virus can withstand cold from liquid nitrogen... 

Hypothetically, seems that COVID-19 may be able to travel by air mail https://t.co/h349h3Uvnl",1
1385,1385,1385,SARS-CoV-2 can survive for weeks on surfaces.,"@USERNAME @USERNAME That's surprising. Different studies I read from China when they first started investigating said that COVID-19 could remain viable once it left the body, in some cases, up to 5 days. Was pretty sure they were finding longevity on fomites as well.",1
51,51,51,SARS-CoV-2 can survive for weeks on surfaces.,The Coronavirus is alive for 72 hours on the surface...Lawd https://t.co/STFPiPdl1B https://t.co/tJB0dACIK7,1
308,308,308,SARS-CoV-2 can survive for weeks on surfaces.,There is no reason why we don't follow the same model as China we will have the same problems we will be quarantined they will spray and that's what bothers me is they're not telling us that it survives on surfaces for a length of time..SO THE GOVT QURNTINES &amp; SPRAYS.. -cont,1
1011,1011,1011,Coronavirus can only survive in cold temperatures.,Fair article discussing the risk factors for coronavirus spreading in India which has surprisingly only seen 3 confirmed cases. The possibility of warmer weather being a dampener on any potential spread is promising https://t.co/mU2XUjTWUq https://t.co/12K2C63A35,1
1368,1368,1368,SARS-CoV-2 can survive for weeks on surfaces.,"@USERNAME @USERNAME If they mean outside of the body, then No, that's not true. Coronaviruses can survive on surfaces for several days at room temp. 

Precise data is still pending for COVID19. But it's very similar to SARS. Here's some data on temperature sensitivity of SARS
https://t.co/BOOx7VFwU0",1
873,873,873,SARS-CoV-2 can survive for weeks on surfaces.,#Coronavirus may live for days on phone screens #CoronaVirusUpdate Has anyone actually tested this? https://t.co/KKwnl8m89I,1
331,331,331,SARS-CoV-2 can survive for weeks on surfaces.,Eurosurveillance | Stability of Middle East respiratory syndrome coronavirus (MERS-CoV) under different environmental conditions https://t.co/oULqM4czlq,0
595,595,595,Coronavirus is genetically engineered.,"MUST WATCH
Applying Ockham's Razor Principle to the #COVID19 PANDEMIC 
Francis Boyle: Wuhan Coronavirus is an Offensive Biological Warfare Weapon https://t.co/T8mHIJ86P2 via @USERNAME",0
694,694,694,SARS-CoV-2 can survive for weeks on surfaces.,How long can coronavirus survive on surfaces? https://t.co/wqup90GHvL https://t.co/AXHzrvwLQ9,0
104,104,104,SARS-CoV-2 can survive for weeks on surfaces.,"@USERNAME @USERNAME It's known to be transmitted thru respiratory droplets (IOW, from sneezes &amp; coughs.) Researchers still have yet to determine whether COVID19 can survive on hard surfaces &amp; if so, how long - other, apparently similar coronavirus can survive up to 9 days

https://t.co/DvJsiZwyw5 https://t.co/X7B3TUXA1k",0
155,155,155,SARS-CoV-2 can survive for weeks on surfaces.,"How long can coronavirus survive on surfaces?
https://t.co/PUvdpCNUbH",0
1034,1034,1034,SARS-CoV-2 can survive for weeks on surfaces.,"How long does the new coronavirus remain active on surfaces?
https://t.co/ryGWt2c7FB https://t.co/XiPf3wYqJI",0
534,534,534,We're very close to a vaccine.,@USERNAME @USERNAME Israel might just beat him to the cure. They are so close. They had been studying it for years in chicken and noticed it close to this version. Israeli scientists claim to be weeks away from coronavirus vaccine https://t.co/UyOcW5gk6q,0
1282,1282,1282,SARS-CoV-2 can survive for weeks on surfaces.,How long can coronavirus live on surfaces? https://t.co/v5XhrePOi3,0
1762,1762,1762,SARS-CoV-2 can survive for weeks on surfaces.,"Only thing worrying about the tweet is that they didn't use their googles. Leave ppl alone.
According to the CDC: ""In general... there is likely very low risk of spread from products or packaging that are shipped over a period of days or weeks at ambient temperatures."" https://t.co/boAxw98L6M",0
784,784,784,SARS-CoV-2 can survive for weeks on surfaces.,How long can the new coronavirus last on surfaces? https://t.co/9WiFxFos0e  That's indeed a short time for some product from China infected with the Corona virus. But what if someone sick handles the product and later a person gets infected that picks up the same Chinese goods?,0
868,868,868,SARS-CoV-2 can survive for weeks on surfaces.,"@USERNAME ""In this new study, human coronavirus 229E was rapidly inactivated on a range of copper alloys (within a few minutes for simulated fingertip contamination) and Cu/Zn brasses were very effective at lower copper concentration."" 

(a diff virus)

https://t.co/uvKYuvj10b",0
589,589,589,Coronavirus can only survive in cold temperatures.,"@USERNAME reasons this can be considered offensive:
the coronavirus cannot be retained in a parcel of any kind. when a package is shipped, the temperatures changes too much for it to actually survive. are you scared to open a parcel in fear that you may get the flu? no.",0
1170,1170,1170,SARS-CoV-2 can survive for weeks on surfaces.,How long can coronavirus survive on surfaces? | The Japan Times https://t.co/GTNn8jeyaO,0
902,902,902,Coronavirus is genetically engineered.,"Could the Coronavirus be a result of a possible population control attempt from the Chinese Gov that‚Äôs now spreading everywhere ??

Or am I smacked ü•¥üòÇ",0
1212,1212,1212,Dean Koontz predicted the pandemic in his 1981 novel The Eyes of Darkness.,@USERNAME @USERNAME Gates is part owner of the lab that holds the patent for Covid19. Last year he predicted a pandemic that would ruin the economy within 3 months. Just a coincidence that HIS virus being weaponized in HIS Wuhan facility has killed thousands?,0
2073,2073,2073,Coronavirus is genetically engineered.,@USERNAME What are the chances this Coronavirus outbreak is an experiment exploring what would happen if a biological weapon were deployed?,0
576,576,576,SARS-CoV-2 can survive for weeks on surfaces.,@USERNAME Covid-19 could be contagious for 2 weeks prior to symptoms appearing. For flu it‚Äôs only 1-2 days. The rate of spread of Covid-19 could be tremendous.,0
109,109,109,SARS-CoV-2 can survive for weeks on surfaces.,"Coronavirus shuts down 2 West Coast schools. Experts aren‚Äôt certain how long the coronavirus can live outside the body, Ko said, though its cousins ‚Äî SARS and MERs ‚Äî can survive on surfaces up to nine days. https://t.co/yJiqlMtSA2",0
1982,1982,1982,The lifetime of SARS-CoV-2 is only 12 hours.,"This suggests that the overall clinical consequences of Covid-19 may ultimately be more akin to those of a severe seasonal influenza (which has a case fatality rate of approximately 0.1%) or a pandemic influenza (similar to those in 1957 and 1968)

https://t.co/ko1lY2VP6Y",0
1699,1699,1699,Dean Koontz predicted the pandemic in his 1981 novel The Eyes of Darkness.,"Conspiracy aside, the Dean Koontz novel that refers to the ‚ÄòWuhan-400‚Äô virus as ‚ÄúChina‚Äôs most important and dangerous new biological weapon in a decade‚Äù is EERIE asf #Coronavid19",0
510,510,510,COVID-19 is only as deadly as the seasonal flu.,"@USERNAME From UC Health: ‚ÄúIf you live in the US, you are much more likely to get the seasonal flu than COVID-19 at this time.‚Äù ...Which  is all I‚Äôve been saying. Jerk.  https://t.co/DjEhmTZ69Q",0
1372,1372,1372,Coronavirus is genetically engineered.,"Coronavirus is regular flu with a fake story attached.
Climate change is a real thing but isn't man made or affected by CO2 levels. https://t.co/1HxOZGHBUB",0
153,153,153,SARS-CoV-2 can survive for weeks on surfaces.,"Thank you, Minister Mr. Gan Kim Yong- Singapore‚Äôs Health Minister, for this detailed description of how the #coronavirus is spread &amp; how long it can stay viable on surfaces 
#CoronaVirusUpdate 
#coronavirusinlagos https://t.co/k9WHBuTcVV",0
1038,1038,1038,COVID-19 is only as deadly as the seasonal flu.,"@USERNAME In order to compare Covid-19 to non-Covid influenza, you need to make a true ""apples-to-apples"" comparison. Right now, this cannot be done because there is no vaccine for Covid-19. Absent a vaccine, we do not know how truly deadly this is or how contagious (we can only guess).",0
812,812,812,We're very close to a vaccine.,@USERNAME The COVID-19 does not have a vaccine yet. No. They‚Äôre working on it.,0
1128,1128,1128,Dean Koontz predicted the pandemic in his 1981 novel The Eyes of Darkness.,"@USERNAME Guys , Dean Koontz was writing about the WuHan 400 virus in.... drumroll...   1981",0
1097,1097,1097,Dean Koontz predicted the pandemic in his 1981 novel The Eyes of Darkness.,Partly false claim:¬†a 1981 book predicted the coronavirus 2019 outbreak | Article [AMP] | Reuters https://t.co/rESgSD6ExH,0
1487,1487,1487,Dean Koontz predicted the pandemic in his 1981 novel The Eyes of Darkness.,Thought it very interesting Dean Koontz‚Äôs novel takes on Wuhan-400 back in the 80‚Äôs... the more you know!! https://t.co/6dkDPMO0H4,0
505,505,505,Coronavirus is genetically engineered.,"You can‚Äôt pay me to believe the government isn‚Äôt purposely distributing the corona virus much like the Tuskegee experiment. Population control by causing mass hysteria, xenophobia, and lack of enforcing quarantine.",0
1832,1832,1832,COVID-19 is only as deadly as the seasonal flu.,@USERNAME @USERNAME @USERNAME You have no common sense. The flu can be deadly and covid-19 can be as well.  Neither are to be ignored.,0
854,854,854,Coronavirus can only survive in cold temperatures.,Coronavirus is the true solution to climate change https://t.co/ZbB2ZJ5Vtf,0
1274,1274,1274,Dean Koontz predicted the pandemic in his 1981 novel The Eyes of Darkness.,"@USERNAME @USERNAME Many speculations and a bit of editing plus a big coincidence....

Partly false claim:¬†a 1981 book predicted the coronavirus 2019 outbreak.
https://t.co/dk6cDxiava",0
1248,1248,1248,Coronavirus is genetically engineered.,"@USERNAME It‚Äôs not a hoax, it most certainly is a disease, likely unleashed by the Chinese government on its people, on purpose. Why? To get rid of dissent. 1 person has died in the USA from the coronavirus. You do realize that anywhere from 60 to 80k die in the US each year, from the flu!",0
1635,1635,1635,COVID-19 is only as deadly as the seasonal flu.,"@USERNAME A main point of concern is that COVID-19 could become another flu. We don‚Äôt know if COVID-19 is seasonal yet, but if it is, and it spreads across the globe (which looks likely), we could easily have another flu that kills an additional 40,000 Americans/year.",0
1437,1437,1437,Coronavirus can only survive in cold temperatures.,Study finds that Coronavirus could survive up to NINE DAYS outside the body | Daily Mail Online https://t.co/8vc98XGN7Q via @USERNAME,0
1725,1725,1725,Coronavirus is caused by 5G.,The corona virus is a government made virus that is being used for population control.,0
600,600,600,SARS-CoV-2 can survive for weeks on surfaces.,"Due to the dangers of Novel Coronavirus (Covid-19) and the fact it can live for 9 days on surfaces, every sheriff department US wide has declared they will test your meth and other drugs for coronavirus at no charge to you. Retweet to pass it on. You could save a life.",0
1585,1585,1585,Hand sanitiser sold commercially does not destroy the coronavirus.,"@USERNAME @USERNAME The virus doesn't last long on inanimate surfaces, that's why there are no official recommendations about disinfecting objects as a way to prevent coronavirus transmission",0
1838,1838,1838,We're very close to a vaccine.,"@USERNAME @USERNAME @USERNAME Right at the bottom..the Coronavirus has a morbidity rate of 0.2% for people ages 10-39  . 
That's going by information from China, based on CONFIRMED cases in hospitals. 
It's very close to the Flu morbidity rates.  The difference is, we have vaccines and medicine for flu https://t.co/0tOlZqHtKi",0
2008,2008,2008,Coronavirus is genetically engineered.,"@USERNAME Liar. He said press coverage of Covid-19 is a hoax. 

Stop lying.",0
1243,1243,1243,Coronavirus is genetically engineered.,"@USERNAME dude, Muta, the coronavirus virus conspiracy stuff is a pretty crazy ride.  from escaped bioweapon theories, to a  crazy South Korean doomsday cult potentially spreading it on purpose.  i know A LOT is speculative at best but just the CCP cover up stuff is pretty damn interesting",0
1240,1240,1240,Coronavirus can only survive in cold temperatures.,"@USERNAME @USERNAME
@USERNAME @USERNAME @USERNAME
From GP friend, #COVID2019 may survive &lt;= 7 days on a hard surface.

Coincidentally, tells me wart virus can withstand cold from liquid nitrogen... 

Hypothetically, seems that COVID-19 may be able to travel by air mail https://t.co/h349h3Uvnl",0
2093,2093,2093,Coronavirus is genetically engineered.,"@USERNAME @USERNAME Is it bioengineered? I can't say. 
Is it germ warfare? There is NO WAY China would deliberately unleash a virus that disproportionately affects Asian people, in its own country, to crash THEIR OWN ECONOMY, to MAYBE influence someone else's election.
U.S. isn't that special.",0
1047,1047,1047,COVID-19 is only as deadly as the seasonal flu.,"FYI, very few of the 2019-2020 ‚Äú32-45 million‚Äù flu cases are actually confirmed.  Same for ‚Äú18,000-46,000‚Äù deaths.  Thus the wide gaps in totals.  I suspect COVID-19 has always been around and like other pathogens, we‚Äôve been blaming the flu for all of them.",0
317,317,317,Hand sanitiser sold commercially does not destroy the coronavirus.,Coronavirus checklist: 100-plus disinfectants that may kill coronavirus on surfaces  https://t.co/IGmYvCzQ2H,0
1440,1440,1440,Coronavirus can only survive in cold temperatures.,Study finds that Coronavirus could survive up to NINE DAYS outside the body | Daily Mail Online https://t.co/23yl0xv0TC via @USERNAME #COVID2019,0
524,524,524,We're very close to a vaccine.,@USERNAME Jeezus. This is clearly not going to be a viable treatment for most coronavirus sufferers. Let‚Äôs hope for a vaccine soon!,0
1825,1825,1825,"There were more than 50000 cremations in Wuhan for 4th Quarter, 2019 .",There are far more than 300 deaths in China https://t.co/5WQ2r7qT1X,0
1748,1748,1748,We're very close to a vaccine.,"Yes, 80% of coronavirus patients will either not know they're sick or have very mild symptoms. The walk-around infecting others the 20% that will overwhelm the healthcare system. But, we're not going to test. That's just going to happen. And you're on your own.",0
1593,1593,1593,Coronavirus can only survive in cold temperatures.,How long can coronavirus survive on surfaces? https://t.co/wqup90GHvL https://t.co/AXHzrvwLQ9,0
553,553,553,Dean Koontz predicted the pandemic in his 1981 novel The Eyes of Darkness.,"Bill Gates predicted a coronavirus-like outbreak ‚Äì down to it starting at a Chinese market ‚Äì in 2019 Netflix documentary show ‚ÄòThe Next Pandemic‚Äô

Bill Gates has a warning about deadly epidemics https://t.co/rf5dZUGTif via @USERNAME",0
324,324,324,We're very close to a vaccine.,"Now when it comes to vaccines, as far as I know they HAVE tried creating a coronavirus vx for dogs and cats and they‚Äôre not fantastic. No one quote me on the next sentence but I‚Äôm pretty sure it‚Äôs because it mutates too often for the immune system to build adequate response.",0
1024,1024,1024,We're very close to a vaccine.,The coronavirus is advancing quickly ‚Äî and so is Novavax's attempt to stop it. But it won't happen overnight. Here's the latest on what the Gaithersburg biotech is doing to develop a new vaccine. https://t.co/JCwbscxcJA,0
1569,1569,1569,COVID-19 is only as deadly as the seasonal flu.,"COVID-19: Approximately 84,119 cases worldwide; 62 cases in the U.S. as of Feb. 28, 2020.

Flu: Estimated 1 billion cases worldwide; 9.3 million to 45 million cases in the U.S. per year.",0
1538,1538,1538,COVID-19 is only as deadly as the seasonal flu.,"@USERNAME @USERNAME @USERNAME @USERNAME 1. It's not slow-spreading. ""Currently, the R0 for SARS-CoV-2, the virus that causes the disease COVID-19, is estimated at about 2.2 ... By comparison, the flu has an R0 of 1.3.""

1/2",0
343,343,343,We're very close to a vaccine.,"@USERNAME @USERNAME @USERNAME We have a flu vaccine. Not coronavirus,  and we have someone who doesn‚Äôt believe in science in charge of this pandemic.",0
908,908,908,Africans are more resistant to coronavirus.,The 3 Chinese men who were quarantined in Jos have tested negative to Coronavirus.,0
1086,1086,1086,Coronavirus is genetically engineered.,Corona Virus didn‚Äôt kill Epstein.,0
274,274,274,We're very close to a vaccine.,"@USERNAME That's part of what my post is about.

There is a cure per say, yet we willingly refuse to take it, whereas with the coronavirus we are mobilizing everything we have.",0
56,56,56,Coronavirus is caused by 5G.,"Everything you said is true plus 1 more thing. Coronavirus is not even as deadly as the flu, but the transmission is unique and could be a generally non-lethal experiment in preparation for future germ warfare. I don't trust the Chinese, the communists or the globalists at all. https://t.co/fPuSTCp9b1",0
1893,1893,1893,Coronavirus is genetically engineered.,@USERNAME Coronavirus has been around for ages. This strain is particularly bad. That is all. Stop making things up.,0
1499,1499,1499,Hand sanitiser sold commercially does not destroy the coronavirus.,"@USERNAME @USERNAME Is hand sanitizer effective against corona virus?  I know it had limited effectiveness against viruses, but WA DOH mentioned it as option if no ability for hand washing.",0
542,542,542,Coronavirus can only survive in cold temperatures.,Coronavirus is probably in Ghana and someone is treating it with procold tabs,0
1961,1961,1961,COVID-19 is only as deadly as the seasonal flu.,"@USERNAME @USERNAME @USERNAME This article calls it ""novel coronavirus"". This is the same name used on a can of Lysol, not actually the new COVID-19. ""COVID-19 is not the same as the coronaviruses that commonly circulate among humans and cause mild illness, like the common cold.""

https://t.co/dRPiwc1ulI",0
1458,1458,1458,We're very close to a vaccine.,"@USERNAME Donny, remember when you said the FLU was more deadly than the Coronavirus? Or that we were very close to an antidote? You're a JACKASS! #MoronInChief #LiarInChief #IMPOTUS",0
1201,1201,1201,COVID-19 is only as deadly as the seasonal flu.,"*While we do not know for sure, it is plausible that COVID-19 outbreaks become seasonally reoccurring like the flu. 5/5",0
660,660,660,"There were more than 50000 cremations in Wuhan for 4th Quarter, 2019 .",@USERNAME We had also heard about culling &amp; cremating in Wuhan.,0
1379,1379,1379,Dean Koontz predicted the pandemic in his 1981 novel The Eyes of Darkness.,Partly false claim:¬†a 1981 book predicted the coronavirus 2019 outbreak | Article [AMP] | Reuters https://t.co/yJOwJ1mfSD,0
1714,1714,1714,SARS-CoV-2 can survive for weeks on surfaces.,"Key finding virus has probably been present in the US for a number of weeks.
#COVID-19 #SARSCoV2 #coronavirus https://t.co/W73axGSLwu",0
1046,1046,1046,Hand sanitiser sold commercially does not destroy the coronavirus.,"Coronavirus: 'Zero' hand sanitisers, face masks at Auckland pharmacies https://t.co/Uq1XcK5zhq",0
1180,1180,1180,"There were more than 50000 cremations in Wuhan for 4th Quarter, 2019 .","@USERNAME Not necessarily. Normal flu has a mortality rate of less than 0.1%. Wuhan virus has a mortality rate above 2%. Even with only 35 million infected like the infographic the difference is 35,000 deaths normal flu, 700,000 for COVID-19.",0
241,241,241,Hand sanitiser sold commercially does not destroy the coronavirus.,Does hand sanitizer work on the #coronavirus??,0
550,550,550,We're very close to a vaccine.,I‚Äôm looking forward to a #coronavirus vaccine. Hopefully soon. I will take my chances with my cranial nerves. https://t.co/fE7sgwh9tr,0
1685,1685,1685,SARS-CoV-2 can survive for weeks on surfaces.,A group of Indian scientists have discovered that Wuhan Coronavirus has been engineered with AIDS like insertions. The study concludes that it is unlikely for a virus to have acquired such unique insertions naturally in a short duration of time.,0
1923,1923,1923,Coronavirus is caused by 5G.,Coronavirus is spread via eye contact.,0
1245,1245,1245,Holy communion cannot be the cause of the spread of coronavirus,"As someone who regularly attends #catholic Mass, I WILL NOT BE TAKING THE BLOOD OF CHRIST when, as a person with a strong immune system, I might very well be carrying coronavirus without showing symptoms. If you take the chalice at #eucharist right now, you're doing Satan's work.",0
1131,1131,1131,SARS-CoV-2 can survive for weeks on surfaces.,Coronavirus Update: COVID-19 Symptoms May Only Appear After 2 Weeks Quarantine Says Studies https://t.co/krKAYbH8Wp,0
674,674,674,"There were more than 50000 cremations in Wuhan for 4th Quarter, 2019 .","@USERNAME Well 2% of Wuhan population of ten million was something like 200,000 dead. Massive quarantine is what stopped that. Trump is doing nothing so the full impact of millions being infected is about to happen",0
1556,1556,1556,Coronavirus is caused by 5G.,"coronavirus is caused by eating ass, pass it on",0
1605,1605,1605,Coronavirus is genetically engineered.,Talked to an actual Dr tonight. Corona Virus is like the flu with similar mortality rates. The media are trying to create a crisis where there is none.,0
1140,1140,1140,We're very close to a vaccine.,"@USERNAME @USERNAME There‚Äôs a vaccine for flu.  In the USA you have to pay for it, most advanced countries don‚Äôt.  There‚Äôs no vaccine for coronavirus which means this virus spreads quicker and has a higher fatality rate. Plus the US have not had sufficient testing kits; it could be a time bomb.",0
1544,1544,1544,Coronavirus is genetically engineered.,"Trump thinks the Coronavirus is a hoax. 
We are all fucked.",0
1886,1886,1886,We're very close to a vaccine.,I think people trying belittle the corona virus by stating how many people die from other things are stupid. We shouldn‚Äôt down play death in any way. Like are we supposed to be like ‚Äúwell more people have died from cancer so let‚Äôs not worry about a vaccine until it gets that bad‚Äù,0
1333,1333,1333,Hand sanitiser sold commercially does not destroy the coronavirus.,"@USERNAME Just go buy a bottle of Lysol Disinfectant Wipes or Spray &amp; read the back label, it claims to eliminate ""Human Coronavirus."" They have known for years about this virus &amp; have an old formula collecting dust somewhere, All it probably needs is tweaked up a little to cure people.",0
234,234,234,Coronavirus is genetically engineered.,"Coronavirus is patented and has 19 going back to 1986 .
One Canine Respiratory",0
517,517,517,Coronavirus is caused by 5G.,Coronavirus was engineered to target simps. Chill.,0
1709,1709,1709,We're very close to a vaccine.,What we need right now is a vaccine for TDS long before we need one for coronavirus. https://t.co/NudgeLMnOY,0
1887,1887,1887,Coronavirus is genetically engineered.,"What if this COVID-19 is being used as a diversion to cover up for this monster in our system spreading radiation. For all we know everyone getting sick could be due to radiation poisoning, along with the virus.  Chemtrailing had been crazy as of late https://t.co/OiQeKa7ATg",0
729,729,729,Coronavirus is genetically engineered.,"@USERNAME In other words, AmeriKKKa is using COVID-19 as a biological weapon against Iran and got f*cked because PRC doesn't bow down to their interests",0
27,27,27,Dean Koontz predicted the pandemic in his 1981 novel The Eyes of Darkness.,"I don't want that crap in me either, but maybe they're using this whole ""outbreak"" to break the idea into the scene. And maybe they'll advertise the ""answer"" to the ""pandemic"" is a tech-biology interface too. 

We are free to refuse. This is downright biblical, mark of the beast.",0
1877,1877,1877,COVID-19 is only as deadly as the seasonal flu.,"@USERNAME @USERNAME I assume at this point covid-19 will becomes a recurring, perhaps seasonal, occurrence that will be with us from now on, like the flu is. Given it's a corona virus i'd expect it to mutate rapidly like the cold does and evade any attempts to long-term vaccinate.",0
1447,1447,1447,Holy communion cannot be the cause of the spread of coronavirus,I pray for supernatural intervention of God to stop the spread of this corona virus and heal those afflicted by it. I pray for divine protection that the disease will Passover in Jesus name,0
662,662,662,Coronavirus can only survive in cold temperatures.,"Fact
Its a virus
Fact coronavirus has been around for years....read the back of your spray lysol can it kills it.
Fact
Common cold and yearly flu can kill you. 
Fact yearly flu has killed between 25000&amp;85000 per yr.
Fact this is no different https://t.co/rmxZZdXg7A",0
337,337,337,Coronavirus is genetically engineered.,@USERNAME Open your eyes to reality. Coronavirus is real because SCIENCE.,0
1675,1675,1675,Holy communion cannot be the cause of the spread of coronavirus,"Mass tonight, priest read archdiocese statement re combating coronavirus: emptied holy water fonts, discontinued hand holding for Lord's prayer, no sign of peace, no communion wine, no communion on tongue...in other words what I've done to avoid getting sick for DS last 10 years.",0
1374,1374,1374,Coronavirus is genetically engineered.,"@USERNAME The virus story is suspicious, btwn China and Iran are 7 very interconnected countries including populous India. Either most of these countries bordering China and Iran are covering up or the virus dislikes them. Corona virus is a biological weapon gone wrong.",0
464,464,464,Coronavirus is genetically engineered.,"Water, electricity, and now Internet being shut down in Wuhan, the epicenter of the coronavirus. Do you still think this is ""just"" a virus? Or, is it truly what I made it out to be: bioweapon research???",0
599,599,599,Hand sanitiser sold commercially does not destroy the coronavirus.,"Woman in front of me on the 25 puts hand santizer on her hands and 5 seconds later coughs into her hands. If we're all going to die, we're all going to die. 

BTW TIL hand sanitizer is helpful for coronavirus because it is an envelope virus.",0
927,927,927,"There were more than 50000 cremations in Wuhan for 4th Quarter, 2019 .","@USERNAME @USERNAME 10,000 have died from regular flu in US in 2020!! 1 for Corona!! Talk to me when it‚Äôs even close!! Propaganda BS to sell fear.  China isn‚Äôt the US!!",0
1553,1553,1553,We're very close to a vaccine.,@USERNAME @USERNAME Forgot how many died in America due to the flu and that‚Äôs even with a vaccine. This things like the flu but with a few extra steps. Biotech people are working on some shit that could work with stopping coronavirus; because it‚Äôs a sars based illness they‚Äôve got experience.,0
540,540,540,"There were more than 50000 cremations in Wuhan for 4th Quarter, 2019 .",@USERNAME Doesn't the higher Wuhan death rate just mean that there are lots more mild cases in Wuhan that aren't being diagnosed so don't measure into the death rate?  You would think the death rate would be about the same in each region of the country.,0
587,587,587,Africans are more resistant to coronavirus.,Tucker Carlson: US is vulnerable to coronavirus because libs care more about identity politics than your life https://t.co/NQbo6c6F2X #FoxNews,0
372,372,372,We're very close to a vaccine.,"@USERNAME 1) You're very likely to get coronavirus, apparently somewhere between 40-70% chance, but add some MOE to that and let's say 20-95%.

2) It's killing 3% of known cases so far. We can hope that unknown cases will pull down the average to the once-believed 1%.",0
618,618,618,Dean Koontz predicted the pandemic in his 1981 novel The Eyes of Darkness.,@USERNAME @USERNAME @USERNAME Pffft. How delusional are you mob? Like anyone would wish a pandemic on their own country. I notice your idol the Mango Mussolini thinks Corona Virus is a hoax! I bet he and the loony anti vaxers run to get shots if there are mass deaths from it in the US.,0
1313,1313,1313,We're very close to a vaccine.,"@USERNAME Why are you going with liberal thing? People should be educated and concerned about coronavirus. It‚Äôs not political. 2-4 of 100 die v 14.3 to 100,000 w the flu. We have a vaccine for the flu, not for coronavirus. Flu statistically isn‚Äôt nearly as scary if you get it.",0
392,392,392,Coronavirus is caused by 5G.,"Coronavirus could survive up to 9 days outside the body, study says https://t.co/LpiHqZTohS",0
1380,1380,1380,The lifetime of SARS-CoV-2 is only 12 hours.,"@USERNAME This is misleading.

Covid-19 has only been around for 2 months. We don‚Äôt know it we‚Äôll. It‚Äôs lethal, infectious, and we have no treatment, vaccine, or population immunity.

We don‚Äôt know how bad this will be. The flu is endemic and we know it well; CV19 is just starting.",0
613,613,613,Holy communion cannot be the cause of the spread of coronavirus,"Bad news: Coronavirus can only be contracted through human interaction. 
Good news: Bass players are all safe.",0
650,650,650,COVID-19 is only as deadly as the seasonal flu.,"The Spanish flu‚àíwith a mortality rate similar to the CORVID-19 virus (~2%)‚àíkilled 50 million people worldwide including 675,000 Americans (and the U.S. population has tripled since 1918). https://t.co/WHRBuhD86D",0
489,489,489,We're very close to a vaccine.,"Weird how thousands of people are dying from #coronavirus, but the second an American dies they finally decide to look into making a vaccine.",0
2060,2060,2060,We're very close to a vaccine.,"I think The Plague in CA is a bigger issue than the coronavirus in all of the USA.

Is there a Plague vaccine ready to be released? https://t.co/nn3so6yQ9Z",0
272,272,272,Dean Koontz predicted the pandemic in his 1981 novel The Eyes of Darkness.,"Horrific similarities in the outbreak of #covid19 and the plot of the 2011 hollywood movie #contagion by Oscar winning director #stevensoderbergh

Were we warned??",0
422,422,422,The lifetime of SARS-CoV-2 is only 12 hours.,"@USERNAME @USERNAME @USERNAME @USERNAME 1. It's not slow-spreading. ""Currently, the R0 for SARS-CoV-2, the virus that causes the disease COVID-19, is estimated at about 2.2 ... By comparison, the flu has an R0 of 1.3.""

1/2",0
835,835,835,Coronavirus can only survive in cold temperatures.,Coronavirus is spread via eye contact.,0
1814,1814,1814,Coronavirus is caused by 5G.,"Thread by @USERNAME: PSA for non-science folks: Wonder why everyone is emphasizing hand washing? Sounds banal, but soap really IS an athat we all have in our homes. This is because coronavirus is an ""enveloped"" virus, which means that it has an ou‚Ä¶ https://t.co/iM5bq5gVic",0
1238,1238,1238,Hand sanitiser sold commercially does not destroy the coronavirus.,"#CoronaVirusUpdate: Confusion as Pharmacy sells bottle of hand sanitizer for N19950
https://t.co/jhU9drrQIs",0
281,281,281,COVID-19 is only as deadly as the seasonal flu.,"@USERNAME @USERNAME Now package heart disease, cancer, accidents, chronic lower respiratory disease, Alzheimer‚Äôs, and diabetes into a virus that spreads as easily as influenza. Even if Covid19 is less fatal than the unreliable data from China &amp; Iran suggests, there ARE times when the danger is real.",0
48,48,48,Hand sanitiser sold commercially does not destroy the coronavirus.,Do Cleaning Products and Sanitizers Prevent Coronavirus? | Time https://t.co/CNzZUCr8Tj,0
1738,1738,1738,Coronavirus can only survive in cold temperatures.,Study finds that Coronavirus could survive up to NINE DAYS outside the¬†body https://t.co/vRPwrdlSWm https://t.co/txPcwqh0QO,0
1261,1261,1261,Hand sanitiser sold commercially does not destroy the coronavirus.,@USERNAME @USERNAME @USERNAME @USERNAME Lysol does not kill Covid19. This is a different strain of Coronavirus &amp; too new for the makers to have a disinfectant in their product.,0
307,307,307,Dean Koontz predicted the pandemic in his 1981 novel The Eyes of Darkness.,"Dr. Eric Toner, at Johns Hopkins Health Center said, ‚ÄúI hope &amp; pray Covid-19 turns out to be a moderate pandemic, but if not, we‚Äôre in serious trouble.‚Äù
‚ÄúEven during mild flu pandemics, most of #US ICUs are filled to the brim with severely ill patients on mechanical ventilation.‚Äù",0
1523,1523,1523,Coronavirus is caused by 5G.,"Mexico has confirmed its first two cases of coronavirus. It marks the official spread of the disease to a second Latin American nation, after Brazil. 

https://t.co/sBteoPffhj",0
2001,2001,2001,Coronavirus is caused by 5G.,"Coronavirus could survive up to 9 days outside the body, study says https://t.co/3G34UV6Uck via @USERNAME",0
1042,1042,1042,We're very close to a vaccine.,"@USERNAME @USERNAME @USERNAME @USERNAME @USERNAME Want your democratic republic? Gotta have candidates.

Hang in there. I hear they're working on a cure for TDS right after the coronavirus vaccine.",0
799,799,799,Dean Koontz predicted the pandemic in his 1981 novel The Eyes of Darkness.,"National Review: The First Postmodern Pandemic.
https://t.co/BFM0x2ZWJ6

via @USERNAME",0
2030,2030,2030,Coronavirus is genetically engineered.,Coronavirus  now  spreading  faster  across the world than  inside  China,0
1551,1551,1551,We're very close to a vaccine.,"Perhaps the only good thing, but it's still very good.

A year from now, with reporting on this coronavirus, we will know exactly what media outlets are ""fake news"" and which ones are not.",0
582,582,582,A person can tell if they have coronavirus or not simply by holding their breath.,"Shouldn't we be trying to identify anyone who is showing symptoms of the #coronavirus and finding out for sure if they are carrying it? I'm sure I don't have it but it sure seems like it should be easier to get a confirmation of whether you have it, or the flu, or whatever.",0
737,737,737,Vitamin C cures coronavirus.,"That‚Äôs it! Pope is dead! 

Or he just needs a couple days rest, some vitamin C &amp; zinc

Vatican confirms Pope Francis and two aides test positive for Coronavirus - MCM https://t.co/LQfPC3qII7",0
1191,1191,1191,Coronavirus can only survive in cold temperatures.,Coronavirus can likely live up to 96 hours on smartphone screens... #Smartphones #Coronavirus  #CoronavirusFrance #COVID #COVID19 #COVID2019 #CoronavirusOutbreak https://t.co/A3gcWMMKzR,0
1269,1269,1269,Coronavirus can only survive in cold temperatures.,Human #coronavirus was discovered in the 1960s. Some strains cause the common cold. This is the coronavirus they refer to on the Lysol can. It is not the same strain of coronavirus that causes #Covid_19. There's no conspiracy theory here. https://t.co/sbBGp9Hu36,0
669,669,669,We're very close to a vaccine.,"So, now we‚Äôre leaving it to the Taliban to ‚Äúkill terrorists‚Äù. We‚Äôre also going to let the coronavirus develop a vaccine",0
1442,1442,1442,The lifetime of SARS-CoV-2 is only 12 hours.,@USERNAME Psst... don‚Äôt ask Pence why the CDC website refers to COVID-19 as ‚ÄòSARS CoV-2‚Äô. Wouldn‚Äôt want transparency!,0
757,757,757,"There were more than 50000 cremations in Wuhan for 4th Quarter, 2019 .","#China officials knew of 
@USERNAME 
#coronavirus in December, ordered cover-up, report says https://t.co/ZsVbHYv6hA via @USERNAME 

Rather than hunkering down to contain the virus, Wuhan officials went ahead with their annual potluck dinner for 40,000 families.",0
768,768,768,Coronavirus is genetically engineered.,Liars Brian Williams and Michael Moore Smear President Trump on MSNBC as Falsely Saying Coronavirus Is a Hoax https://t.co/0UxnZ9ULiA via @USERNAME,0
2049,2049,2049,Coronavirus is genetically engineered.,"Since @USERNAME doesn't know it, a ""hoax"" is a humorous or malicious deception.
Climate change, Russian interference, impeachment, and now coronavirus are not hoaxes.
Stable genius, the voter fraud commission, and ""president"" Trump are.
#TrumpVirus
#Impeachedforlife",0
829,829,829,Hand sanitiser sold commercially does not destroy the coronavirus.,"Is hand sanitiser better than hand washing against coronavirus? 
#coronavirus
https://t.co/pYB6ht2MH3",0
1163,1163,1163,Coronavirus is genetically engineered.,"@USERNAME @USERNAME Ted, at your height it is easy for things to fly over your head but you just don‚Äôt get it. This is another political hoax you #Libtards are spinning. We know COVID-19 is serious but won‚Äôt let @USERNAME weaponize it against our @USERNAME  #KAG2020LandslideVictory",0
1425,1425,1425,Coronavirus is caused by 5G.,4th case of #COVID19 #coronavirus confirmed in Santa Clara County California. Expecting more cases.,0
390,390,390,Holy communion cannot be the cause of the spread of coronavirus,"Coronavirus will not locate you and your family . Even when u unknowingly come in contact with an infected person, the blood of the lamb protects u from any form of harm. 
Luke 10:19 - Nothing shall ‚Äúby any means‚Äù hurt you. Just be careful guys üëèüèøüëèüèøüëèüèø",0
1369,1369,1369,"There were more than 50000 cremations in Wuhan for 4th Quarter, 2019 .",@USERNAME Clinical trials started in Wuhan on Feb 6. I suspect that China numbers of infections/deaths have dropped because they are now treating all with #remdesivir. America should do the same. There are 330 million people in USA. a 1% fatality rate = 3.3 million if everyone gets it.,0
2097,2097,2097,We're very close to a vaccine.,It‚Äôs hella concerning that the corona virus is so close to everybody,0
413,413,413,Coronavirus is genetically engineered.,"Here‚Äôs a thought, China released #coronavirus as a bio weapon. Takes the loss, quarantines pop easily, watches western countries burn because they don‚Äôt have draconian societal controls to stop the spread. Guess we‚Äôll know next month. ü§ûNo.",0
1795,1795,1795,The lifetime of SARS-CoV-2 is only 12 hours.,"If you believe the numbers coming out of China, the lethality of COVID-19 has risen to 3.59%. Flu mortality rate is .1% https://t.co/1cOeUBt9Vr",0
987,987,987,Coronavirus can only survive in cold temperatures.,"@USERNAME @USERNAME @USERNAME Um. Coronavirus is a family of viruses. Some cause colds, others sars and mers. Jeez. Ignoramus",0
1343,1343,1343,We're very close to a vaccine.,@USERNAME I still think the coronavirus is nothing to worry about but I'm getting really worried about all the stress it's causing. Hope we get a vaccine made soon.,0
427,427,427,Dean Koontz predicted the pandemic in his 1981 novel The Eyes of Darkness.,"@USERNAME Comparing it to an pandemic from WW1 is not fair.

Governments are now far better equipped to contain any outbreak, not to mention the incomprehensible advances in medical science.  

People need to calm down.",0
1250,1250,1250,Holy communion cannot be the cause of the spread of coronavirus,Coronavirus: CAN Directs Churches To Provide Sanitary Items During Services https://t.co/w4pAGy6hPV https://t.co/BvwG5Z0QoT,0
1761,1761,1761,We're very close to a vaccine.,"We're currently in the flu &amp; cold season, but heading, at least in the South, into allergy season. Add Coronavirus &amp; how the heck do you know what you have without a test?",0
1603,1603,1603,We're very close to a vaccine.,"My prediction about the coronavirus is that we're less than a month away from seeing its worst effects on the world's supply lines, and the first cases in the midwest",0
858,858,858,Coronavirus can only survive in cold temperatures.,"Coronavirus is not dangerous for healthy people. Death rate is around 2% and the younger you're, the less fatality you get. There are many cases of the recovery.
#Coronavid19
#COVID2019 
#coronavirus",0
791,791,791,Hand sanitiser sold commercially does not destroy the coronavirus.,"#CoronaVirusUpdate #Coronavid19 The #Dow has taken a big hit due to the CoronaVirus but the makers of Purell, Lysol and Clorox are thriving!!!  Couldn‚Äôt find one bottle of Purell hand sanitizers at my local Target store today.",0
1050,1050,1050,Coronavirus is caused by 5G.,"This virus is most deadly to the older population, and the 1st place to experience a potentially large outbreak, a long-term care facility. #CoronaVirusUpdate https://t.co/3z82hBTlVv",0
1596,1596,1596,Hand sanitiser sold commercially does not destroy the coronavirus.,Do Cleaning Products and Sanitizers Prevent Coronavirus? | Time https://t.co/pmQnMkuaLR,0
419,419,419,We're very close to a vaccine.,@USERNAME @USERNAME @USERNAME I realize we don‚Äôt have a coronavirus vaccine yet but the US already has had 16-17k people die of the flu this year.  You don‚Äôt even hear people concerned about this.,0
360,360,360,We're very close to a vaccine.,"@USERNAME @USERNAME @USERNAME Even without a vaccine, the Corona virus has less than 4% lethality. The panic surrounding the virus is far worse than the virus itself. Everyone needs to chill the fuck out. This is hardly the next bubonic plague, and it's definitely not the next smallpox.",0
1630,1630,1630,"There were more than 50000 cremations in Wuhan for 4th Quarter, 2019 .",@USERNAME Wuhan is up for city of year for meeting carbon emissions standards. Virus was good according to climate worshippers. Tweeted this few days ago! Remember 2000 dead 80 thousand cases. Really Million dead 15 mil inf. Minimally.  China lies. Stats don‚Äôt-Collateral death just as many,0
91,91,91,The lifetime of SARS-CoV-2 is only 12 hours.,Israel says COVID-19 vaccine is only weeks away https://t.co/yH11PB9qt8 via @USERNAME,0
1677,1677,1677,"There were more than 50000 cremations in Wuhan for 4th Quarter, 2019 .","@USERNAME @USERNAME When you have 40k patients in a 1 M city, fatality rate will definitely larger than 2%, methinks will reach 4-5% based on data from Wuhan. There will be not enough medical resources in city, medical system will collapse by then.",0
1854,1854,1854,"There were more than 50000 cremations in Wuhan for 4th Quarter, 2019 .","@USERNAME China‚Äôs dishonesty with world risks complacency which may lead to increased deaths. Every reliable researcher talked about  at least 10 xs more cases than China reported. Feb 1- 24589 deaths and 234,000 infections. Taiwan News produced Chinese official web site. Now 2800 deaths?",0
2065,2065,2065,We're very close to a vaccine.,"@USERNAME Simply pointing out that a full-blown, hyperventilating panic might be a little over the top.

Oh, and our government began working on a vaccine when China was reporting 139 cases and 3 deaths. They‚Äôre concerned, but in a responsible way.",0
1202,1202,1202,Africans are more resistant to coronavirus.,@USERNAME So Americans are immune to coronavirus?,0
693,693,693,Coronavirus is genetically engineered.,"Coronavirus causes MANY illnesses, depending on the strain. Common colds are coronavirus. 
MERS &amp; SARS are also coronaviruses. 
COVID19 is apparently a robust strain that is very hard on the lungs, more dangerous to those with already-compromised immune or pulmonary  systems.",0
221,221,221,A person can tell if they have coronavirus or not simply by holding their breath.,on some real shit what does the American government expect someone to do if they‚Äôre uninsured and suspect they might have the coronavirus. lol,0
1797,1797,1797,The lifetime of SARS-CoV-2 is only 12 hours.,"From supplementary appendix of paper by Guan et al in @USERNAME Feb 28, 2020. Numbers for COVID-19/SARS-CoV-2 disease likely still evolving. https://t.co/ECmmTi0oUA",0
1402,1402,1402,Coronavirus is genetically engineered.,"@USERNAME I think USA is the only country in the world to charge for Covid-19 tests.
This is beyond criminal. This is biological warfare on your own citizens. No less. Rise up, Americans.",0
2080,2080,2080,We're very close to a vaccine.,"@USERNAME @USERNAME Appeal to greater problems is a logical fallacy.

Covid19 needs attention because of how much is unknown and China not being forthcoming with information.

We are very well aware of the flu and make vaccines for it.",0
770,770,770,Coronavirus is genetically engineered.,"@USERNAME Worry about the Covid-19 pandemic, dipshit.",0
634,634,634,Coronavirus is genetically engineered.,COVID-19 #Coronavirus: A Fake Pandemic? Who‚Äôs Behind It? Global Economic and Geopolitical Destabilization. By Prof Michel Chossudovsky. https://t.co/3NQFe7xPUB #svpol,0
492,492,492,A person can tell if they have coronavirus or not simply by holding their breath.,The same people masking up scared of the Coronavirus are the same ones that don‚Äôt cover their mouths or wash their hands. ü§∑üèæ‚Äç‚ôÄÔ∏è Also most mask don‚Äôt work in prevention. This is coming from someone who is exposed to sickness daily working in the ER. Use common preventative sense,0
94,94,94,SARS-CoV-2 can survive for weeks on surfaces.,"@USERNAME @USERNAME @USERNAME @USERNAME ""...coronavirus infections most often occur during the winter months and early spring. ...coronavirus and may catch the same one about 4 months later.
This is because coronavirus antibodies do not last for a long time."" 

So.  We are doomed. 

https://t.co/GEtXXGZb1C",0
1323,1323,1323,Coronavirus can only survive in cold temperatures.,"Coronavirus spreads to Ecuador and the Republic of Ireland, both from passengers who flew commercial airlines - https://t.co/B8uLb9S6Oz https://t.co/VlUKa9gl4q",0
46,46,46,Dean Koontz predicted the pandemic in his 1981 novel The Eyes of Darkness.,"Contagions, pandemics, and plagues, oh my!

From Boccaccio‚Äôs ‚ÄúThe Decameron‚Äù to Camus‚Äôs ‚ÄúThe Plague‚Äù, mass illness has a unique way of infiltrating the works of great writers. How will the #coronavirus be preserved in the books? https://t.co/MLxAbSVtzp",0
2043,2043,2043,SARS-CoV-2 can survive for weeks on surfaces.,CoVid-19 is the general unwellness that SARS-CoV-2 causes,0
2047,2047,2047,Dean Koontz predicted the pandemic in his 1981 novel The Eyes of Darkness.,China is Confronting the COVID-19 Epidemic. Was It Man-Made? An Act of of Bio-warfare? By Peter Koenig. https://t.co/Wfj6KOXjHU #coronavirus #svpol,0
758,758,758,Holy communion cannot be the cause of the spread of coronavirus,"ICYMI in South Korea, the coronavirus has spread like wildfire by way of congregations of a ‚Äúreligious cult‚Äù. And the #orangeimbecile cannot quit his cult rallies here in America. Misinformation is not the only thing spread by cults.",0
1143,1143,1143,We're very close to a vaccine.,"@USERNAME i mean, i'm more talking about the fact that we're probably gonna see shortages soon if supply chains that go through china keep being halted thanks to the virus. the virus itself poses a significantly smaller risk.",0
1927,1927,1927,Coronavirus is genetically engineered.,"Coronavirus: is a novel virus named for the crownlike spikes that protrude from its surface, can infect both animals and people and can cause a range of respiratory illnesses from the common cold to more dangerous conditions like Severe Acute Respiratory Syndrome, or SARS.",0
226,226,226,We're very close to a vaccine.,"I believe it's time the entire world should pray to there God to have a cure for the Coronavirus. It's affecting not only the health of people, but, also the health of the worlds economy.",0
871,871,871,Coronavirus is caused by 5G.,The outbreak of coronavirus is causing postponement of matches in Italy. https://t.co/ILmTFQyFon,0
673,673,673,Avocado and mint tea cures coronavirus.,"@USERNAME @USERNAME The only prevention from any virus is to not come in contact with it. Airborne, zinc, elderberry, echinacea, none of it will prevent covid. It's extremely contagious and has a lifespan of up to 9 days on hard surfaces. Buy n95 masks and sterile gloves now while you still can.",0
862,862,862,Coronavirus is genetically engineered.,Liars Brian Williams and Michael Moore Smear President Trump on MSNBC as Falsely Saying Coronavirus Is a Hoax https://t.co/KfFUhfdpct via @USERNAME,0
522,522,522,We're very close to a vaccine.,@USERNAME @USERNAME @USERNAME It's a good move to curtail travel back and forth from a number of countries. But on another point one of the only way we can fight Covid-19 is to quarantine cities as Italy and China did. You don't see that with seasonal flu because we are used to it even though it's a killer.,0
1485,1485,1485,Hand sanitiser sold commercially does not destroy the coronavirus.,"@USERNAME @USERNAME under the EPA's guidance for emerging viral pathogens, since Lysol, and Clorox and other disinfectants have been proven to effectively kill other human coronaviruses, users can safely use the wipes and sprays to disinfect surfaces in areas where the novel coronavirus is suspected",0
1236,1236,1236,Coronavirus is genetically engineered.,"@USERNAME You idiot, the name Coronavirus is a generic name..like when you buy a car they're not all the same car.  This particular type is Covid-19 and is new.",0
1696,1696,1696,The lifetime of SARS-CoV-2 is only 12 hours.,"@USERNAME it‚Äôs more than 20k but that is not the point. COVID-19 is more virulent, deadlier than seasonal flu, there is no immunity and vaccine is 12 to 18 months away 

https://t.co/RmcgCEAN6h",0
1967,1967,1967,We're very close to a vaccine.,"The Corona virus is a manufactured biological weapon. The CDC has prohibited testing, withdrawing THEIR tests kits due to non-performance. They have no idea how many cases exist in the US. we are being slow walked into a very dangerous place.",0
937,937,937,Coronavirus is genetically engineered.,Liars Brian Williams and Michael Moore Smear President Trump on MSNBC as Falsely Saying Coronavirus Is a Hoax https://t.co/LOvTrMzCo1 via @USERNAME,0
811,811,811,Africans are more resistant to coronavirus.,"It seems elderly will be more  susceptible to fatality due to Coronavirus: Initial reports from outside China are similar, with the first 12 victims reported in Italy mostly in their 80s, and none under 60 Several had known heart problems @USERNAME https://t.co/mpTjaUV9uG",0
1706,1706,1706,The lifetime of SARS-CoV-2 is only 12 hours.,"Since I know this probably won't make it to US headlines, I just wanted to highlight that two women from the University of S√£o Paulo (USP) in Brazil were able to do the genome sequencing of the COVID-19 in two days when the global average is 15 days. https://t.co/lSdC8gncxG",0
66,66,66,Africans are more resistant to coronavirus.,"Because those at long-term care facilities are pretty much the definition of those most susceptible to #coronavirus (old, in frail health), I'd be surprised if we don't get more deaths in Washington state, where 27 possible patients have turned up at one facility. https://t.co/HzmeqLa6qh",0
268,268,268,Coronavirus is genetically engineered.,"@USERNAME @USERNAME Uh, no.  Considering it never went pandemic and was contained until a vaccine was available, it was only a threat in a limited area for a limited time.  COVID-19 is a pandemic virus that is likely to kill three orders of magnitude more people than Ebola, maybe four.",0
314,314,314,The lifetime of SARS-CoV-2 is only 12 hours.,"Trend new: *Xu YH* et al (J Infect) __Clinical and computed tomographic imaging features of Novel Coronavirus Pneumonia caused by SARS-CoV-2__
https://t.co/RvWW0zKpWd",0
740,740,740,Africans are more resistant to coronavirus.,Chinese consumers react to coronavirus threat https://t.co/F2iB6WtqyD,0
755,755,755,A person can tell if they have coronavirus or not simply by holding their breath.,"Many people are understandably anxious about #coronavirus. But flu and colds have similar symptoms. If you have cough, fever, or other symptoms, call your regular doctor first. Do not go to the emergency room. ERs need to be able to serve the most critical needs.",0
248,248,248,Holy communion cannot be the cause of the spread of coronavirus,"Coronavirus Disease 2019 (COVID-19) https://t.co/l5frRwd0Jp @USERNAME
CDC does not recommend that people who are well wear a facemask to protect themselves .
Facemasks should be used by people who show symptoms of COVID-19 to help prevent the spread of the disease to  others.",0
1680,1680,1680,Vitamin C can prevent coronavirus circulation.,"@USERNAME Ambroxol is a 30 year old generic cold/flu OTC remedy, sold for $9 in the UK that could mitigate coronavirus.

Study: Ambroxol for the prevention of acute upper respiratory disease
Conclusion: Helps prevent catching respiratory flu at 45 mg per day.

https://t.co/Wlkuj96gpA",0
704,704,704,Coronavirus is caused by 5G.,Coronavirus is actually a mod ting..This needs stop ASAP smh..,0
1392,1392,1392,Avocado and mint tea cures coronavirus.,"Im sick and its in my Sinuses, im getting dizzier, ive doctored up with manuka honey, spicy foods, Tylenol severe sinus, essential oils, CBD, water, and lots of protein. I‚Äôm Hoping its not coronavirus, lets go‚Ä¶ https://t.co/4lomtxUIKE",0
1002,1002,1002,Hand sanitiser sold commercially does not destroy the coronavirus.,I have been to three places and you can not get hand sanitiser! #panicbuying #coronavirus #COVID2019 https://t.co/M8x1fNglCx,0
286,286,286,Coronavirus is caused by 5G.,FEAR FAKERY AND MISINFORMATION  COVID -19 COVERAGE SET TO CAUSE MOR EHARM THAN THE VIRUS.,0
243,243,243,The lifetime of SARS-CoV-2 is only 12 hours.,"According to my math, the case fatality rate of covid-19 outside of China (because LOL chinese statistics) is about 30%. I don't think that's like the flu.",0
8,8,8,Africans are more resistant to coronavirus.,"Statistically, you are more likely to be killed by @USERNAME  than by the Wuhan #coronavirus. https://t.co/EfeVB6v1q7",0
406,406,406,A person can tell if they have coronavirus or not simply by holding their breath.,"@USERNAME Chance of running into a person with the flu is higher than running into a person with Corona Virus.

Millions have the flu and 16,000 have died.

Around 57 people have the Corona Virus with 1 death so far.",0
1823,1823,1823,Coronavirus is caused by 5G.,"@USERNAME @USERNAME Human coronavirus is listed on your can of Lysol. It is a very mild form of the regular flu. Regular flu kills almost 40,000 a year. Coronavirus is the Fake MSM scare tactic.  Wash your hands and use sanitizer.",0
1060,1060,1060,Coronavirus is genetically engineered.,@USERNAME Coronavirus is common in dogs. Canine Coronavirus is not Covid-19. One thing white people have in abundance are facts.,0
718,718,718,The lifetime of SARS-CoV-2 is only 12 hours.,"Preliminary estimates suggest that the death rate associated with COVID-19 is between one and two per cent, which is higher than the average death rate associated with seasonal flu strains, at around 0.1 per cent
.
https://t.co/iNgnfAf27d",0
1618,1618,1618,Coronavirus is genetically engineered.,coronavirus rlly was funny and memeable until white ppl started dying,0
1338,1338,1338,Coronavirus is genetically engineered.,"@USERNAME Trump told them not to panic, everything is under control. Now Trump knows not many believe in him. The COVID-19 going to topple his Presidency.",0
371,371,371,Coronavirus is genetically engineered.,The Fed and other central bankers are confronting an economic threat from coronavirus with tools that are ill-equipped to contain damage from a deadly virus. https://t.co/NNQmPZ03MB,0
1113,1113,1113,Holy communion cannot be the cause of the spread of coronavirus,"coronavirus is caused by eating ass, pass it on",0
1176,1176,1176,Fennel tea cures coronavirus.,"It hasn't been proven but stock up on these items anyway, wash ur damn hands and cover ur cough!

Can Lysol and Clorox products kill the novel coronavirus? The answer is ... complicated

https://t.co/iFpHv4KAh2",0
846,846,846,Coronavirus is genetically engineered.,Coronavirus is a hoax created by the government to force you fucks to wash your damn hands after using the bathroom.,0
648,648,648,"There were more than 50000 cremations in Wuhan for 4th Quarter, 2019 .","@USERNAME @USERNAME Infection rate is much smaller! Wuhan has 11M population, only 80k are infected, 40k fully recovered, 2500 deaths in the worst city for air quality.  Media spreading panic, not facts",0
1894,1894,1894,Coronavirus can only survive in cold temperatures.,"@USERNAME There are multiple types of coronavirus that can infect humans.  One can cause the common cold.  SARS, MERS and this virus are others.  Lysol can kill the common cold version.",0
1358,1358,1358,COVID-19 is only as deadly as the seasonal flu.,"@USERNAME @USERNAME Covid-19 is a serious viral pneumonia, but compared to bubonic plague, which killed 1/4 of Europe, or even the 1918 Flu, probably not the greatest viral plague of all time. But the Americans seem to be working on upping its odds.",0
1104,1104,1104,Vitamin C can prevent coronavirus circulation.,Disinfection robots bypass coronavirus blockade https://t.co/MTFs3N37nD,0
549,549,549,Holy communion cannot be the cause of the spread of coronavirus,Coronavirus in the US: Lack of paid sick leave could spread disease - Vox https://t.co/v4qgA0gxUS,0
941,941,941,Coronavirus is caused by 5G.,"FOFLMAOTTC FOFLMAOTTC 
Fact: Coronavirus is spread by sneezing and coughing in close contact with other people.
Fact: NIH believes it lives on surfaces up to 9 days.
Fact: secondary exposure is increasing.
Theory: what do you think the odds are here?
FOFLMAOTTC FOFLMAOTTC https://t.co/exFp5iwyH0",0
58,58,58,Africans are more resistant to coronavirus.,Statistically speaking - you are more likely to die from being exposed to the Clintons than you are by being exposed to the corona virus.,0
215,215,215,Coronavirus is caused by 5G.,California sees third case of 'community spread' coronavirus as first U.S. death is reported near Seattle https://t.co/CgEGV3vLAH,0
494,494,494,Coronavirus is genetically engineered.,"Every day another expert tells us transparency regarding the Covid-19 virus status is essential to prevent undue fear or panic. Now, if they would just apply that maxim to the extraterrestrial presence issue. #Disclosure",0
714,714,714,Dean Koontz predicted the pandemic in his 1981 novel The Eyes of Darkness.,"I need one of those pandemic horror stories where the outbreak gets contained fairly quickly in the rest of the world, but runs rampant through the US due to lack of healthcare, lack of PTO, gov't denialism, etc. Other countries close their borders to *us.*",0
590,590,590,Fennel tea cures coronavirus.,"@USERNAME My boy (11) has been sick for days. Terrible fever. He's convinced he has the coronavirus. I hate social media sometimes. You get to feeling better, mister. Rest, liquids and Tylenol. It works. Much love.",0
988,988,988,Avocado and mint tea cures coronavirus.,"Or we could all double up on vitamin C enriched fruit and wash our hands regularly, cover your mouth when you sneeze and cough and stay home if you are sick. More people are dying from influenza then coronavirus. https://t.co/CcKlngVDO1",0
1287,1287,1287,The lifetime of SARS-CoV-2 is only 12 hours.,"some good news: in 48 hours, University of Sao Paulo and Oxford University scientists decoded the COVID-19 genome of the 1st infected case in Brazil. Scientists around the world take at least 15 days to do so. This will help to study mutations and track the epidemy route.",0
797,797,797,Coronavirus can only survive in cold temperatures.,"Coronavirus is already spreading in some US cities, and reported cases are probably dwarfed by asymptomatic or mild ones. This means spread will begin in most major cities within 1-4 weeks. Some cities will be hit much worse because superspreading events are unevenly distributed.",0
2014,2014,2014,Avocado and mint tea cures coronavirus.,"Coronavirus Dr gave cough meds. Self treated with homeopathy, mono lauren, oregano oil, high dose vitamin C. Washed floors with hydrogen peroxide &amp; water. Sprayed everything down with rubbing alcohol. Flu is man made every year given to people in flu shot. They become carriers.",0
820,820,820,Coronavirus can only survive in cold temperatures.,"Coronavirus can be easily killed by negative interest rates, apparently.
 https://t.co/zqAqPMguY0",0
345,345,345,Coronavirus is caused by 5G.,Coronavirus latest: 8th case confirmed in B.C. in Vancouver Coastal Health region https://t.co/cJ3vXfd9Qz #COVID19 #BC,0
1833,1833,1833,A person can tell if they have coronavirus or not simply by holding their breath.,@USERNAME @USERNAME Why would you kiss that flag that could have been handled/touched by someone who has the coronavirus??  Lots of people are infected but haven't shown any symptoms yet or they have a cough &amp; think it's a cold.,0
1608,1608,1608,Coronavirus can only survive in cold temperatures.,Coronavirus... in 60 countries?? üò®üò® #SNL,0
1979,1979,1979,Dean Koontz predicted the pandemic in his 1981 novel The Eyes of Darkness.,"Bill Gates calls coronavirus a 'once-in-a-century' pathogen

The 1918 Spanish influenza pandemic is the benchmark by which all modern pandemics are measured. Some 20% to 40% of the worldwide population became ill &amp; more than 50 million people died.¬†

 https://t.co/ZyuR66z7mV",0
796,796,796,Africans are more resistant to coronavirus.,Who is vulnerable to coronavirus? So far children appear safe from COVID-19 https://t.co/yQhvZYRK6x,0
198,198,198,Hand sanitiser sold commercially does not destroy the coronavirus.,A UC Davis student who had been quarantined and tested for COVID-19 does not have the coronavirus.,0
1009,1009,1009,Vitamin C cures coronavirus.,"India starts hunt for alternatives to China to source over 1k items

From textiles fabrics, refrigerators and suitcases to antibiotics such as amoxicillin
, erythromycin metronidazole, vitamins&amp;insecticides,  govt has begun a hunt for 1,050¬†items
#CoronaVirusUpdate https://t.co/e1OBaqL2IE",0
397,397,397,Coronavirus is genetically engineered.,"Foreign envoys praise Taiwan's quick response to COVID-19 threat
https://t.co/KJnhQVrcor",0
354,354,354,"There were more than 50000 cremations in Wuhan for 4th Quarter, 2019 .","Coronavirus Thread: What I believe is US is currently at a point where Wuhan was on 1st January, We have wasted one month due to the faulty test kits and wrong criteria for diagnosis. This is exact repeat of mistakes which happened in Wuhan [1/n]",0
1155,1155,1155,Hand sanitiser sold commercially does not destroy the coronavirus.,Lysol spray disinfectant will kill the human corona virus germ so it should be able to kill the Socialist Communist Democrat germ ....,0
1367,1367,1367,Coronavirus is caused by 5G.,"A novel coronavirus is a new coronavirus that has not been previously identified. The virus causing coronavirus disease 2019 (COVID-19), is not the same as the coronaviruses that commonly circulate among humans and cause mild illness, like the common cold.",0
2004,2004,2004,Avocado and mint tea cures coronavirus.,"Day three of working at Major Wholesale Store on an island with 0 cases of the coronavirus: we have sold out of flour (all types other than almond), rice, Lysol wipes (again), bottled water, and all brands of toilet paper. And concentrated bullion base, but not premade broth",0
1633,1633,1633,Vitamin C cures coronavirus.,"Unpopular but accurate opinion:

Flu kills ~46,000 people in 5 months. No one bats an eye. No one buys Costco out of bleach and bottled water. 

Coronavirus kills THREE PEOPLE and the nation collectively freaks the fuck out. 

Fuck people, man.",0
285,285,285,Hand sanitiser sold commercially does not destroy the coronavirus.,"CDC: Use hand sanitizer‚Ä¶ it‚Äôs the best way to prevent the coronavirus!

Supermarket: sold out
CVS: sold out
Other supermarket: sold out
Amazon: sold out
7/11: sold out
Costco: sold out

Good luck, everybody!

¬Ø\_(„ÉÑ)_/¬Ø",0
89,89,89,Coronavirus is caused by 5G.,Coronavirus Wipes $5 Trillion Off Global Stocks As It Spreads To New Countries https://t.co/LqMWu9FBFC,0
